{
  "frontend/vite.config.ts": 1775868990.9972975,
  "frontend/src/App.tsx": 1775285986.164571,
  "frontend/src/main.tsx": 1775285979.3279831,
  "frontend/src/types.ts": 1775289574.5438318,
  "frontend/src/components/SkeletonTable.tsx": 1775286610.396597,
  "frontend/src/components/GeneTable.tsx": 1775286630.2844114,
  "frontend/src/components/StringPartnersPanel.tsx": 1775289648.1012776,
  "frontend/src/components/FilterPanel.tsx": 1775286852.7138572,
  "frontend/src/components/SearchBar.tsx": 1775289604.7922864,
  "frontend/src/components/PathwayResultsPanel.tsx": 1775289626.5179543,
  "frontend/src/components/SourceLinkButtons.tsx": 1775286606.34505,
  "frontend/src/components/VariantTable.tsx": 1775286872.390101,
  "frontend/src/components/Layout.tsx": 1775287049.1027005,
  "frontend/src/components/ImpactBadge.tsx": 1775286825.4089968,
  "frontend/src/components/CaddScoreBar.tsx": 1775286828.6325173,
  "frontend/src/hooks/useVariants.ts": 1775286832.8851979,
  "frontend/src/hooks/useGeneSearch.ts": 1775286603.0001233,
  "frontend/src/hooks/useAutocomplete.ts": 1775286439.4619458,
  "frontend/src/hooks/useAuth.ts": 1775286349.4597783,
  "frontend/src/lib/api.ts": 1775289584.7564604,
  "frontend/src/lib/export.ts": 1775286613.7856467,
  "frontend/src/lib/source-links.ts": 1775286348.4055643,
  "frontend/src/pages/HistoryPage.tsx": 1775287033.7399294,
  "frontend/src/pages/ResultsPage.tsx": 1775867352.4144006,
  "frontend/src/pages/SearchPage.tsx": 1775286463.605853,
  "frontend/src/pages/GeneDetailPage.tsx": 1775289690.0227551,
  "backend/__init__.py": 1775284731.151876,
  "backend/main.py": 1775289561.9431758,
  "backend/core/config.py": 1775284735.2013013,
  "backend/core/database.py": 1775285061.193192,
  "backend/core/rate_limiter.py": 1775287168.0725238,
  "backend/core/__init__.py": 1775284730.9008138,
  "backend/auth/__init__.py": 1775285706.2627077,
  "backend/auth/dependencies.py": 1775867352.4141805,
  "backend/auth/jwt.py": 1775285730.1628287,
  "backend/tests/conftest.py": 1775285164.1496851,
  "backend/tests/test_gene_pipeline.py": 1775285580.485034,
  "backend/tests/test_vep.py": 1775285435.4471202,
  "backend/tests/test_auth.py": 1775285751.6181247,
  "backend/tests/test_ncbi.py": 1775285305.7280045,
  "backend/tests/__init__.py": 1775285094.1860254,
  "backend/tests/test_ensembl.py": 1775285365.1974704,
  "backend/tests/test_models.py": 1775285109.2907102,
  "backend/tests/test_regulomedb.py": 1775285502.4278162,
  "backend/models/user.py": 1775285087.5740035,
  "backend/models/__init__.py": 1775285091.7700334,
  "backend/models/gene.py": 1775285073.89475,
  "backend/models/variant.py": 1775285080.5288901,
  "backend/schemas/user.py": 1775285749.8316355,
  "backend/schemas/pathway.py": 1775289506.107946,
  "backend/schemas/__init__.py": 1775285565.0566692,
  "backend/schemas/string_partner.py": 1775289507.7612474,
  "backend/schemas/gene.py": 1775285566.8195503,
  "backend/schemas/variant.py": 1775285570.2906284,
  "backend/api/auth.py": 1775285743.8995237,
  "backend/api/variants.py": 1775867352.4139588,
  "backend/api/users.py": 1775867352.413687,
  "backend/api/__init__.py": 1775285706.212983,
  "backend/api/pathways.py": 1775289524.3732874,
  "backend/api/genes.py": 1775867352.413393,
  "backend/alembic/env.py": 1775285206.1841521,
  "backend/services/regulomedb.py": 1775285498.7010674,
  "backend/services/gene_pipeline.py": 1775287154.0822058,
  "backend/services/__init__.py": 1775285294.4475665,
  "backend/services/vep.py": 1775285429.6789892,
  "backend/services/ncbi.py": 1775285302.8340511,
  "backend/services/ensembl.py": 1775285360.6439128,
  "backend/services/string_db.py": 1775289503.4419549,
  "backend/services/reactome.py": 1775289757.12335,
  "frontend_log.txt": 1775868996.5921938,
  "backend_log.txt": 1775869182.2898998,
  "README.md": 1775287428.6596441,
  "GEMINI.md": 1775869436.0089374,
  "AGENTS.md": 1775868101.686025,
  "CLAUDE.md": 1775867352.413089,
  "frontend/frontend_log.txt": 1775868588.5477908,
  "backend/requirements.txt": 1775284730.7203484,
  "docs/superpowers/plans/2026-04-04-variant-annotation-system.md": 1775284518.95703,
  "docs/superpowers/specs/2026-04-04-variant-annotation-system-design.md": 1775283916.8457186,
  "graphify-out/GRAPH_REPORT.md": 1775963460.2136707
}